{
  "best_val_accuracy": 0.10526315789473684,
  "best_framework_integrity": 0.32147218704223635,
  "final_model_stats": {
    "global_framework": {
      "total_cycles": 178.09954833984375,
      "infinitesimal_error": 0.009999999776482582,
      "aether_base": 9.99,
      "hypercube_vertices": 32,
      "geometric_ratio": 22,
      "framework_integrity": 0.9990000000223518
    },
    "router_framework": {
      "total_cycles": 123.00137329101562,
      "infinitesimal_error": 0.009999999776482582,
      "aether_base": 9.99,
      "hypercube_vertices": 32,
      "geometric_ratio": 22,
      "framework_integrity": 0.9990000000223518
    },
    "global_error": 6.928938388824463,
    "vertex_count": 32,
    "mathematical_constants": {
      "bit_duality": 2,
      "hypercube_vertices": 32,
      "geometric_ratio": 22,
      "aether_base": 9.99,
      "infinitesimal_error": 0.01
    },
    "vertex_statistics": {
      "total_vertex_cycles": 4458.2072830200195,
      "avg_vertex_cycles": 139.3189775943756,
      "max_vertex_cycles": 196.10227966308594,
      "min_vertex_cycles": 77.5054931640625
    }
  },
  "training_history": {
    "train_loss": [
      3.8986974239349363,
      3.642503786087036,
      3.4914777278900146,
      3.4796210289001466,
      3.477681541442871,
      3.4725605964660646,
      3.4554272174835203,
      3.4532463550567627,
      3.4405292510986327,
      3.4434149742126463,
      3.4507801055908205,
      3.435900354385376,
      3.456270360946655,
      3.451932668685913,
      3.4467443466186523,
      3.4451462745666506,
      3.4420777797698974,
      3.434844207763672,
      3.431218957901001,
      3.4279314994812013,
      3.418438196182251,
      3.4347824096679687,
      3.4263442516326905,
      3.4219072341918944,
      3.3963458061218263,
      3.3438594341278076,
      3.2256309509277346,
      2.985002899169922,
      2.8308545112609864,
      2.659900951385498,
      2.4438337326049804,
      2.2357137203216553,
      2.1349221229553224,
      1.9633081674575805,
      1.8141204833984375,
      1.676121139526367,
      1.5558459043502808,
      1.4333591222763062,
      1.3343380689620972,
      1.2520083427429198,
      1.2090793013572694,
      1.157158660888672,
      1.1107986927032472,
      1.0712544679641725,
      1.049678349494934,
      1.0234606623649598,
      1.035054898262024,
      1.0116785049438477,
      1.0073274612426757,
      0.9892737984657287
    ],
    "train_accuracy": [
      0.013157894736842105,
      0.039473684210526314,
      0.02631578947368421,
      0.013157894736842105,
      0.039473684210526314,
      0.0,
      0.039473684210526314,
      0.039473684210526314,
      0.039473684210526314,
      0.039473684210526314,
      0.0,
      0.02631578947368421,
      0.039473684210526314,
      0.02631578947368421,
      0.013157894736842105,
      0.02631578947368421,
      0.039473684210526314,
      0.039473684210526314,
      0.013157894736842105,
      0.039473684210526314,
      0.05263157894736842,
      0.02631578947368421,
      0.039473684210526314,
      0.02631578947368421,
      0.039473684210526314,
      0.11842105263157894,
      0.10526315789473684,
      0.14473684210526316,
      0.15789473684210525,
      0.23684210526315788,
      0.32894736842105265,
      0.32894736842105265,
      0.3815789473684211,
      0.40789473684210525,
      0.5526315789473685,
      0.5,
      0.618421052631579,
      0.631578947368421,
      0.6578947368421053,
      0.7105263157894737,
      0.7105263157894737,
      0.75,
      0.75,
      0.75,
      0.7894736842105263,
      0.75,
      0.7368421052631579,
      0.75,
      0.8157894736842105,
      0.7894736842105263
    ],
    "val_loss": [
      4.166559338569641,
      4.155844449996948,
      4.274003505706787,
      4.544100046157837,
      4.67976975440979,
      4.686200141906738,
      4.743753433227539,
      4.774644136428833,
      4.800671577453613,
      4.862049102783203,
      4.917161226272583,
      4.942652225494385,
      4.996159791946411,
      4.97917103767395,
      4.910733222961426,
      4.894308805465698,
      4.910183906555176,
      4.900746822357178,
      4.924924373626709,
      4.939496278762817,
      4.944960832595825,
      4.986290693283081,
      5.014521360397339,
      4.964849233627319,
      4.920663595199585,
      4.934370756149292,
      5.186001300811768,
      5.225426197052002,
      5.039071798324585,
      5.144654750823975,
      5.027466058731079,
      4.99127459526062,
      5.039966821670532,
      5.111285924911499,
      5.052762269973755,
      4.946576356887817,
      4.935482978820801,
      4.950112700462341,
      4.984910488128662,
      5.014464020729065,
      5.046698093414307,
      5.0392091274261475,
      4.934004426002502,
      4.978381395339966,
      4.99190092086792,
      4.974151015281677,
      4.994761943817139,
      5.013741970062256,
      5.017002582550049,
      5.016566514968872
    ],
    "val_accuracy": [
      0.0,
      0.0,
      0.0,
      0.0,
      0.0,
      0.0,
      0.0,
      0.0,
      0.0,
      0.0,
      0.0,
      0.0,
      0.0,
      0.0,
      0.0,
      0.0,
      0.0,
      0.0,
      0.0,
      0.0,
      0.0,
      0.0,
      0.0,
      0.0,
      0.0,
      0.0,
      0.0,
      0.0,
      0.0,
      0.0,
      0.0,
      0.05263157894736842,
      0.05263157894736842,
      0.10526315789473684,
      0.10526315789473684,
      0.05263157894736842,
      0.05263157894736842,
      0.05263157894736842,
      0.05263157894736842,
      0.05263157894736842,
      0.10526315789473684,
      0.05263157894736842,
      0.05263157894736842,
      0.05263157894736842,
      0.05263157894736842,
      0.05263157894736842,
      0.05263157894736842,
      0.05263157894736842,
      0.05263157894736842,
      0.05263157894736842
    ],
    "framework_integrity": [
      0.8681568145751953,
      0.6764212036132813,
      0.5839455699920654,
      0.5391370677947999,
      0.5172561454772949,
      0.5058429431915284,
      0.4991464519500733,
      0.49477025985717776,
      0.49183708190917963,
      0.48959138870239255,
      0.48775553703308105,
      0.48617655754089356,
      0.48469189643859856,
      0.4831927013397216,
      0.48149044990539547,
      0.47956188201904293,
      0.47731376647949214,
      0.474758825302124,
      0.4717559432983398,
      0.4679962158203125,
      0.4630041027069092,
      0.456742296218872,
      0.4488403224945069,
      0.43940985679626465,
      0.42842318534851076,
      0.4151646518707276,
      0.3996013259887695,
      0.38328100204467774,
      0.3676139354705811,
      0.35396742820739746,
      0.34257822036743163,
      0.3337108612060547,
      0.32685098648071287,
      0.32147218704223635,
      0.3171561241149902,
      0.31402691841125485,
      0.31184447288513184,
      0.3101711940765381,
      0.30888682365417475,
      0.30821281433105463,
      0.3076572799682617,
      0.3074781894683838,
      0.30729113578796385,
      0.30739459991455076,
      0.30701082229614257,
      0.30706444740295413,
      0.3070083713531494,
      0.30715753555297853,
      0.307078971862793,
      0.3071892833709716
    ],