{
  "metadata": {
    "creation_timestamp": 1752243552.9397237,
    "total_patterns": 0,
    "source_files": [],
    "integration_log": [
      "[1752243552.9394135] \ud83d\ude80 Starting Enhanced Aether Memory Integration...",
      "[1752243552.9395237] \ud83d\udd0d Discovered 1 aether files:",
      "[1752243552.9395335]    \ud83d\udcc2 enhanced_aether_memory_bank.json (1.0 KB)",
      "[1752243552.9396586] \u2705 Loaded 0 patterns from enhanced_aether_memory_bank.json (aether_patterns)",
      "[1752243552.9396725] \ud83d\udcda Loaded a total of 0 raw patterns.",
      "[1752243552.9396813] \ud83d\udd04 Removing duplicates from 0 patterns...",
      "[1752243552.9396877]    Removed 0 duplicates",
      "[1752243552.9396927]    Final unique patterns: 0",
      "[1752243552.9397] \ud83d\udd27 Enhancing 0 patterns...",
      "[1752243552.9397132] \u2705 Integration complete in 0.00 seconds.",
      "[1752243552.9397204] \u2728 Final integrated pattern count: 0"
    ]
  },
  "aether_patterns": []
}